ELECTION,OFFICECD,RECIPID,CANCLASS,RECIPNAME,COMMITTEE,FILING,SCHEDULE,PAGENO,SEQUENCENO,REFNO,DATE,REFUNDDATE,NAME,C_CODE,STRNO,STRNAME,APARTMENT,BOROUGHCD,CITY,STATE,ZIP,OCCUPATION,EMPNAME,EMPSTRNO,EMPSTRNAME,EMPCITY,EMPSTATE,AMNT,MATCHAMNT,PREVAMNT,PAY_METHOD,INTERMNO,INTERMNAME,INTSTRNO,INTSTRNM,INTAPTNO,INTCITY,INTST,INTZIP,INTEMPNAME,INTEMPSTNO,INTEMPSTNM,INTEMPCITY,INTEMPST,INTOCCUPA,PURPOSECD,EXEMPTCD,ADJTYPECD,RR_IND,SEG_IND,INT_C_CODE
2021,5,2061,P,"Yeger, Kalman",I,8,ABC,,,R0004087,5/12/2021,,ACEC New York City,PCOMP,,,,M,New York,NY,10018.0,,,,,,,1000.0,0.0,0.0,2,,,,,,,,,,,,,,,,,,N,N,
2021,33,1164,P,"Lander, Brad",L,13,ABC,,,R0061532,10/18/2021,,ACEC New York City PAC,PCOMP,,,,,New York,NY,10018.0,,,,,,,2000.0,0.0,0.0,2,,,,,,,,,,,,,,,,,,N,N,
2021,44,1267,P,"Cornegy, Jr., Robert E",L,3,ABC,,,R0002411,5/28/2019,,ACEC NEW YORK CITY PAC,PCOMP,,,,M,New York,NY,10018.0,,,,,,,500.0,0.0,0.0,2,,,,,,,,,,,,,,,,,,N,N,
2021,11,148,P,"Stringer, Scott M",R,2,ABC,,,R0034369,10/26/2018,,ACEC New York City PAC,PCOMP,,,,M,New York,NY,10018.0,,,,,,,3950.0,0.0,0.0,2,,,,,,,,,,,,,,,,,,N,N,
2021,11,148,P,"Stringer, Scott M",R,3,M,,,R0038892,10/26/2018,1/10/2019,ACEC New York City PAC,PCOMP,,,,M,New York,NY,10018.0,,,,,,,-850.0,0.0,0.0,0,,,,,,,,,,,,,,,,,2.0,N,N,
2021,11,148,P,"Stringer, Scott M",R,4,M,,,R0042768,10/26/2018,1/8/2020,ACEC New York City PAC,PCOMP,,,,M,New York,NY,10018.0,,,,,,,-1100.0,0.0,0.0,0,,,,,,,,,,,,,,,,,2.0,N,N,
2021,11,1545,P,"Adams, Eric L",L,11,ABC,,,R0059525,8/3/2021,,ACEC NEW YORK CITY PAC,PCOMP,,,,M,New York,NY,10018.0,,,,,,,2000.0,0.0,0.0,2,,,,,,,,,,,,,,,,,,N,N,
2021,6,1710,NP,"Torres, Ritchie J",J,2,ABC,,,R0005391,11/15/2018,,ACEC New York City PAC,PCOMP,,,,M,New York,NY,10018.0,,,,,,,1000.0,0.0,0.0,2,,,,,,,,,,,,,,,,,,N,N,
2021,5,1938,NP,"Powers, Keith",J,6,ABC,,,R0005710,11/23/2020,,ACEC New York City PAC,PCOMP,,,,M,New York,NY,10018.0,,,,,,,500.0,0.0,0.0,2,,,,,,,,,,,,,,,,,,N,N,
2021,5,1938,NP,"Powers, Keith",J,8,ABC,,,R0006179,5/10/2021,,ACEC New York City PAC,PCOMP,,,,M,New York,NY,10018.0,,,,,,,1000.0,0.0,500.0,2,,,,,,,,,,,,,,,,,,N,N,
2021,55,1947,P,"Scala, Mike",I,8,ABC,,,R0003557,5/10/2021,,ACEC New York City PAC,PCOMP,,,,M,New York,NY,10018.0,,,,,,,1000.0,0.0,0.0,2,,,,,,,,,,,,,,,,,,N,N,
2021,55,1984,P,"Velazquez, Marjorie",I,8,ABC,,,R0003130,5/17/2021,,ACEC New York City PAC,PCOMP,,,,M,New York,NY,10018.0,,,,,,,1000.0,0.0,0.0,2,,,,,,,,,,,,,,,,,,N,N,
2021,55,2012,P,"Butler, Henry L",I,8,ABC,,,R0005563,5/13/2021,,ACEC NEW YORK CITY PAC,PCOMP,,,,M,New York,NY,10018.0,,,,,,,500.0,0.0,0.0,2,,,,,,,,,,,,,,,,,,N,N,
2021,55,2063,P,"Adams, Adrienne",J,6,ABC,,,R0003334,12/4/2020,,ACEC NEW YORK CITY PAC,PCOMP,,,,M,New York,NY,10018.0,,,,,,,500.0,0.0,0.0,2,,,,,,,,,,,,,,,,,,N,N,
2021,55,2063,P,"Adams, Adrienne",J,8,ABC,,,R0004681,5/12/2021,,ACEC NEW YORK CITY PAC,PCOMP,,,,M,New York,NY,10018.0,,,,,,,500.0,0.0,500.0,2,,,,,,,,,,,,,,,,,,N,N,
2021,55,2190,P,"Rein, Briget",H,9,ABC,,,R0003637,6/3/2021,,ACEC New York City PAC,PCOMP,,,,M,New York,NY,10018.0,,,,,,,1000.0,0.0,0.0,2,,,,,,,,,,,,,,,,,,N,N,
2021,55,2246,P,"Joseph, Rita C",H,9,ABC,,,R0004087,5/20/2021,,ACEC New York City PAC,PCOMP,,,,M,New York,NY,10018.0,,,,,,,1000.0,0.0,0.0,2,,,,,,,,,,,,,,,,,,N,N,
2021,55,2259,P,"Stevens, Althea V",H,8,ABC,,,R0003022,5/10/2021,,ACEC New York City PAC,PCOMP,,,,M,New York,NY,10018.0,,,,,,,1000.0,0.0,0.0,2,,,,,,,,,,,,,,,,,,N,N,
2021,55,2453,P,"Lee, Linda",H,10,ABC,,,R0002514,6/9/2021,,ACEC New York City PAC,PCOMP,,,,M,New York,NY,10018.0,,,,,,,500.0,0.0,0.0,2,,,,,,,,,,,,,,,,,,N,N,
2021,55,2547,P,"Markh, Mariya",H,8,ABC,,,R0001280,5/12/2021,,ACEC New York City PAC,PCOMP,,,,M,New York,NY,10018.0,,,,,,,1000.0,0.0,0.0,2,,,,,,,,,,,,,,,,,,N,N,
2021,55,380,P,"Moya, Francisco P",K,8,ABC,,,R0004600,5/10/2021,,ACEC New York City PAC,PCOMP,,,,M,New York,NY,10018.0,,,,,,,1000.0,0.0,0.0,2,,,,,,,,,,,,,,,,,,N,N,
2021,55,51,P,"Avella, Tony",O,8,ABC,,,R0002625,5/15/2021,,ACEC New York City PAC,PCOMP,,,,M,New York,NY,10018.0,,,,,,,1000.0,0.0,0.0,2,,,,,,,,,,,,,,,,,,N,N,
2021,55,60,P,"Behar, Steve",I,8,ABC,,,R0001114,5/10/2021,,ACEC New York City Pac,PCOMP,,,,M,New York,NY,10018.0,,,,,,,500.0,0.0,0.0,2,,,,,,,,,,,,,,,,,,N,N,
2021,55,2254,P,"Adams, Elizabeth",H,9,D,,,R0004745,6/5/2021,,Courage to Change,PCOMP,,,,Q,Corona,NY,11368.0,,,,,,,321.0,0.0,0.0,0,,,,,,,,,,,,,,,OTHER,,,N,,
2021,55,2420,P,"Clennon, Joshua",H,10,D,,,R0001819,6/10/2021,,Courage to Change,PCOMP,,,,Q,Corona,NY,11368.0,,,,,,,321.0,0.0,0.0,0,,,,,,,,,,,,,,,OTHER,,,N,,
2021,55,2436,P,"Caban, Tiffany",H,13,D,,,R0010205,6/5/2021,,COurage to Change NY,PCOMP,,,,Q,Corona,NY,11368.0,,,,,,,321.0,0.0,0.0,0,,,,,,,,,,,,,,,OTHER,,,N,,
2021,33,1164,P,"Lander, Brad",L,9,D,,,R0055672,6/5/2021,,Courage to Change NY State,PCOMP,,,,Q,Corona,NY,11368.0,,,,,,,321.0,0.0,0.0,0,,,,,,,,,,,,,,,OTHER,,,N,,
2021,55,2306,P,"Aviles, Alexa",H,9,D,,,R0006828,6/5/2021,,Courage to Change NY State,PCOMP,,,,Q,Corona,NY,11368.0,,,,,,,321.0,0.0,0.0,0,,,,,,,,,,,,,,,OTHER,,,N,,
2021,55,2309,P,"Ordonez, Maria",H,9,D,,,R0004202,6/5/2021,,Courage to Change NY State,PCOMP,,,,Q,Corona,NY,11368.0,,,,,,,321.0,0.0,0.0,0,,,,,,,,,,,,,,,OTHER,,,N,,
2021,55,2332,P,"Hantzopoulos, Evie",H,9,D,,,R0006016,6/5/2021,,Courage to Change NY State,PCOMP,,,,Q,Corona,NY,11368.0,,,,,,,321.0,0.0,0.0,0,,,,,,,,,,,,,,,OTHER,,,N,,
2021,55,2345,P,"Camarena, Rodrigo",H,9,D,,,R0003818,6/5/2021,,Courage to Change NY State,PCOMP,,,,Q,Corona,NY,11368.0,,,,,,,321.0,0.0,0.0,0,,,,,,,,,,,,,,,OTHER,,,N,,
2021,55,2365,P,"Fitzpatrick, Phelan-Dante",H,9,D,,,R0002257,6/5/2021,,Courage to Change NY State,PCOMP,,,,Z,Washington,DC,20004.0,,,,,,,321.0,0.0,0.0,0,,,,,,,,,,,,,,,PROFL,,,N,,
2021,55,2377,P,"Hollingsworth, Michael D",H,10,D,,,R0008235,6/5/2021,,Courage to Change NYC,PCOMP,,,,Q,Corona,NY,11368.0,,,,,,,321.0,0.0,0.0,0,,,,,,,,,,,,,,,INTER,,,N,,
2021,55,2252,P,"West, Brandon",H,10,D,,,R0007558,6/5/2021,,Courage to Change PAC,PCOMP,,,,Q,Corona,NY,11368.0,,,,,,,321.0,0.0,0.0,0,,,,,,,,,,,,,,,OTHER,,,N,,
2021,55,2275,P,"Krebs, Justin M",H,10,D,,,R0002468,6/7/2021,,Courage to Change PAC,PCOMP,,,,Q,Corona,NY,11368.0,,,,,,,321.0,0.0,0.0,0,,,,,,,,,,,,,,,OTHER,,,N,,
2021,55,2349,P,"De La Rosa, Carmen N",H,10,D,,,R0004304,6/10/2021,,Courage to Change PAC,PCOMP,,,,Q,Corona,NY,11368.0,,,,,,,321.0,0.0,0.0,0,,,,,,,,,,,,,,,OTHER,,,N,,
2021,55,2505,P,"Bagga, Amit S",H,10,D,,,R0003450,6/5/2021,,Courage to Change PAC,PCOMP,,,,Q,Corona,NY,11368.0,,,,,,,321.0,0.0,0.0,0,,,,,,,,,,,,,,,OTHER,,,N,,
2021,55,2252,P,"West, Brandon",H,10,D,,,R0007558,6/5/2021,,Courage to Change PAC,PCOMP,,,,Q,Corona,NY,11368.0,,,,,,,321.0,0.0,0.0,0,,,,,,,,,,,,,,,OTHER,,,N,,
2021,55,2275,P,"Krebs, Justin M",H,10,D,,,R0002468,6/7/2021,,Courage to Change PAC,PCOMP,,,,Q,Corona,NY,11368.0,,,,,,,321.0,0.0,0.0,0,,,,,,,,,,,,,,,OTHER,,,N,,
2021,55,2349,P,"De La Rosa, Carmen N",H,10,D,,,R0004304,6/10/2021,,Courage to Change PAC,PCOMP,,,,Q,Corona,NY,11368.0,,,,,,,321.0,0.0,0.0,0,,,,,,,,,,,,,,,OTHER,,,N,,
2021,55,2505,P,"Bagga, Amit S",H,10,D,,,R0003450,6/5/2021,,Courage to Change PAC,PCOMP,,,,Q,Corona,NY,11368.0,,,,,,,321.0,0.0,0.0,0,,,,,,,,,,,,,,,OTHER,,,N,,
2021,55,1159,P,"Narcisse, Mercedes",I,12,ABC,,,R0005607,8/31/2021,,CWA District One PAC,PCOMP,,,,M,New York,NY,10005.0,,,,,,,750.0,0.0,0.0,2,,,,,,,,,,,,,,,,,,N,N,
2021,33,1164,P,"Lander, Brad",L,3,ABC,,,R0010451,4/15/2019,,CWA District One PAC,PCOMP,,,,M,New York,NY,10005.0,,,,,,,2000.0,0.0,0.0,2,,,,,,,,,,,,,,,,,,N,N,
2021,22,1227,P,"Williams, Jumaane D",P,8,ABC,,,R0032619,3/26/2021,,CWA District One PAC,PCOMP,,,,M,New York,NY,10005.0,,,,,,,2000.0,0.0,0.0,2,,,,,,,,,,,,,,,,,,N,N,
2021,44,1267,P,"Cornegy, Jr., Robert E",L,3,ABC,,,R0002047,2/27/2019,,CWA District One Pac,PCOMP,,,,M,New York,NY,10005.0,,,,,,,1000.0,0.0,500.0,2,,,,,,,,,,,,,,,,,,N,N,
2021,44,1267,P,"Cornegy, Jr., Robert E",L,3,ABC,,,R0002668,1/10/2019,,CWA District One Pac,PCOMP,,,,M,New York,NY,10005.0,,,,,,,500.0,0.0,0.0,2,,,,,,,,,,,,,,,,,,N,N,
2021,44,1301,P,"Kallos, Benjamin J",L,2,ABC,,,R0006559,1/11/2019,,CWA District One PAC,PCOMP,,,,M,New York,NY,1004.0,,,,,,,1500.0,0.0,0.0,2,,,,,,,,,,,,,,,,,,N,N,
2021,55,1529,P,"Menin, Julie",I,8,ABC,,,R0008820,5/14/2021,,CWA District One PAC,PCOMP,,,,M,New York,NY,10005.0,,,,,,,750.0,0.0,0.0,2,,,,,,,,,,,,,,,,,,N,N,
2021,44,1550,P,"Reynoso, Antonio",K,10,ABC,,,R0014213,7/6/2021,,CWA District One PAC,PCOMP,,,,M,New York,NY,10005.0,,,,,,,1500.0,0.0,0.0,2,,,,,,,,,,,,,,,,,,N,N,
2021,55,1695,P,"Shafran, Austin",I,8,ABC,,,R0004039,4/18/2021,,CWA DISTRICT ONE PAC,PCOMP,,,,M,New York,NY,10005.0,,,,,,,750.0,0.0,0.0,2,,,,,,,,,,,,,,,,,,N,N,
2021,55,1968,P,"Saperstein, Steven",I,10,ABC,,,R0004233,6/16/2021,,CWA District One Pac,PCOMP,,,,M,New York,NY,10005.0,,,,,,,750.0,0.0,0.0,2,,,,,,,,,,,,,,,,,,N,N,
2021,55,1984,P,"Velazquez, Marjorie",I,8,ABC,,,R0003123,3/31/2021,,CWA District One PAC,PCOMP,,,,M,New York,NY,10005.0,,,,,,,750.0,0.0,0.0,2,,,,,,,,,,,,,,,,,,N,N,
2021,55,1990,P,"Brannan, Justin",J,4,ABC,,,R0006267,10/1/2019,,CWA District One PAC,PCOMP,,,,M,New York,NY,10005.0,,,,,,,175.0,0.0,0.0,2,,,,,,,,,,,,,,,,,,N,N,
2021,55,1996,P,"Hanks, Kamillah M",I,13,ABC,,,R0006451,9/30/2021,,CWA District One PAC,PCOMP,,,,M,New York,NY,10005.0,,,,,,,500.0,0.0,0.0,2,,,,,,,,,,,,,,,,,,N,N,
2021,55,2012,P,"Butler, Henry L",I,8,ABC,,,R0005014,4/9/2021,,CWA DISTRICT ONE PAC,PCOMP,,,,M,New York,NY,10005.0,,,,,,,750.0,0.0,0.0,2,,,,,,,,,,,,,,,,,,N,N,
2021,55,2243,P,"Abreu, Shaun",H,8,ABC,,,R0004242,4/9/2021,,CWA District One PAC,PCOMP,,,,M,New York,NY,10005.0,,,,,,,750.0,0.0,0.0,2,,,,,,,,,,,,,,,,,,N,N,
2021,55,2246,P,"Joseph, Rita C",H,12,ABC,,,R0004764,8/30/2021,,CWA District One PAC,PCOMP,,,,M,New York,NY,10005.0,,,,,,,750.0,0.0,0.0,2,,,,,,,,,,,,,,,,,,N,N,
2021,55,2252,P,"West, Brandon",H,8,ABC,,,R0006326,3/23/2021,,CWA District One PAC,PCOMP,,,,K,Brooklyn,NY,11215.0,,,,,,,750.0,0.0,0.0,2,,,,,,,,,,,,,,,,,,N,N,
2021,55,2255,P,"Barnes, Amoy K",H,7,ABC,,,R0005074,3/11/2021,,CWA District One Pac,PCOMP,,,,M,New York,NY,10005.0,,,,,,,750.0,0.0,0.0,2,,,,,,,,,,,,,,,,,,N,N,
2021,55,2259,P,"Stevens, Althea V",H,8,ABC,,,R0002781,4/9/2021,,CWA District One PAC,PCOMP,,,,M,New York,NY,10005.0,,,,,,,750.0,0.0,0.0,2,,,,,,,,,,,,,,,,,,N,N,
2021,55,2267,P,"Hudson, Crystal",H,12,ABC,,,R0007780,8/26/2021,,CWA District One PAC,PCOMP,,,,M,New York,NY,10005.0,,,,,,,750.0,0.0,0.0,2,,,,,,,,,,,,,,,,,,N,N,
2021,55,2306,P,"Aviles, Alexa",H,10,ABC,,,R0006675,6/11/2021,,CWA DISTRICT ONE PAC,PCOMP,,,,M,New York,NY,10005.0,,,,,,,750.0,0.0,0.0,4,,,,,,,,,,,,,,,,,,N,N,
2021,55,2310,P,"Nurse, Sandy",J,16,ABC,,,R0007183,3/11/2021,,CWA District One PAC,PCOMP,,,,M,New York,NY,10005.0,,,,,,,750.0,0.0,0.0,2,,,,,,,,,,,,,,,,,,N,N,
2021,55,2311,P,"Feliz, Oswald",J,14,ABC,,,R0002807,11/1/2021,,CWA District One PAC,PCOMP,,,,,,,,,,,,,,750.0,0.0,0.0,2,,,,,,,,,,,,,,,,,,N,N,
2021,55,2312,P,"Bottcher, Erik",H,8,ABC,,,R0004999,5/17/2021,,CWA District One PAC,PCOMP,,,,M,New York,NY,10005.0,,,,,,,750.0,0.0,0.0,2,,,,,,,,,,,,,,,,,,N,N,
2021,55,2314,P,"Ardila, Juan D",H,7,ABC,,,R0003743,3/11/2021,,CWA District One PAC,PCOMP,,,,M,New York,NY,10005.0,,,,,,,750.0,0.0,0.0,2,,,,,,,,,,,,,,,,,,N,N,
2021,55,2327,P,"Riley, Kevin C",J,8,ABC,,,R0004279,3/29/2021,,CWA District One PAC,PCOMP,,,,M,New York,NY,10005.0,,,,,,,500.0,0.0,0.0,2,,,,,,,,,,,,,,,,,,N,N,
2021,55,2349,P,"De La Rosa, Carmen N",H,8,ABC,,,R0003947,4/30/2021,,CWA District One PAC,PCOMP,,,,M,New York,NY,10005.0,,,,,,,750.0,0.0,0.0,2,,,,,,,,,,,,,,,,,,N,N,
2021,55,2357,P,"Gutierrez, Jennifer",H,8,ABC,,,R0002765,4/20/2021,,CWA District One PAC,PCOMP,,,,M,New York,NY,10005.0,,,,,,,750.0,0.0,0.0,2,,,,,,,,,,,,,,,,,,N,N,
2021,55,2371,P,"Osse, Chi",H,11,ABC,,,R0007724,8/12/2021,,CWA District One Pac,PCOMP,,,,M,New York,NY,10005.0,,,,,,,1000.0,0.0,0.0,2,,,,,,,,,,,,,,,,,,N,N,
2021,55,2380,P,"Won, Julie",H,14,ABC,,,R0005375,10/21/2021,,CWA District One PAC,PCOMP,,,,M,New York,NY,10005.0,,,,,,,1000.0,0.0,0.0,2,,,,,,,,,,,,,,,,,,N,N,
2021,55,2411,P,"Cranston, Donald J",H,10,ABC,,,R0001924,6/17/2021,,CWA District One PAC,PCOMP,,,,M,New York,NY,10005.0,,,,,,,750.0,0.0,0.0,2,,,,,,,,,,,,,,,,,,N,N,
2021,55,2414,P,"Low, Jenny L",H,8,ABC,,,R0002654,4/29/2021,,CWA District One PAC,PCOMP,,,,M,New York,NY,10005.0,,,,,,,750.0,0.0,0.0,2,,,,,,,,,,,,,,,,,,N,N,
2021,55,2436,P,"Caban, Tiffany",H,16,ABC,,,R0010642,11/8/2021,,CWA District One PAC,PCOMP,,,,M,New York,NY,10005.0,,,,,,,1000.0,0.0,0.0,2,,,,,,,,,,,,,,,,,,N,N,
2021,55,2436,P,"Caban, Tiffany",H,8,ABC,,,R0008356,3/11/2021,,CWA DISTRICT ONE PAC,PCOMP,,,,M,New York,NY,10005.0,,,,,,,750.0,0.0,0.0,2,,,,,,,,,,,,,,,,,,N,N,
2021,55,2436,P,"Caban, Tiffany",H,16,M,,,R0010644,11/8/2021,12/2/2021,CWA District One PAC,PCOMP,,,,M,New York,NY,10005.0,,,,,,,-1000.0,0.0,0.0,0,,,,,,,,,,,,,,,,,2.0,N,N,
2021,55,2438,P,"Lora, Mino",I,10,ABC,,,R0002401,6/15/2021,,CWA District One PAC,PCOMP,,,,M,New York,NY,10005.0,,,,,,,750.0,0.0,0.0,2,,,,,,,,,,,,,,,,,,N,N,
2021,44,2611,P,"Murphy, Mark",H,12,ABC,,,R0006057,9/16/2021,,CWA District One PAC,PCOMP,,,,M,New York,NY,10005.0,,,,,,,350.0,0.0,0.0,2,,,,,,,,,,,,,,,,,,N,N,
2021,55,283,P,"Gennaro, James F",M,11,ABC,,,R0003861,7/26/2021,,CWA District One PAC,PCOMP,,,,M,New York,NY,10005.0,,,,,,,1000.0,0.0,0.0,2,,,,,,,,,,,,,,,,,,N,N,
2021,44,296,P,"Hoylman, Brad",J,6,ABC,,,R0001873,12/31/2020,,CWA District One PAC,EMPO,,,,M,New York,NY,10005.0,,,,,,,1000.0,0.0,0.0,2,,,,,,,,,,,,,,,,,,N,N,
2021,44,311,P,"Levine, Mark",N,3,ABC,,,R0007888,4/29/2019,,CWA District One PAC,PCOMP,,,,M,New York,NY,10005.0,,,,,,,500.0,0.0,0.0,2,,,,,,,,,,,,,,,,,,N,N,
2021,55,399,P,"Brewer, Gale",P,8,ABC,,,R0005238,4/19/2021,,CWA District One Pac,PCOMP,,,,M,New York,NY,10005.0,,,,,,,750.0,0.0,0.0,2,,,,,,,,,,,,,,,,,,N,N,
2021,55,433,P,"Schulman, Lynn",J,8,ABC,,,R0002996,4/9/2021,,CWA DISTRICT ONE PAC,PCOMP,,,,M,New York,NY,10005.0,,,,,,,750.0,0.0,0.0,2,,,,,,,,,,,,,,,,,,N,N,
2021,5,829,NP,"Ampry-Samuel, Alicka",K,8,ABC,,,R0003450,4/23/2021,,CWA District One PAC,PCOMP,,,,M,New York,NY,10008.0,,,,,,,750.0,0.0,0.0,2,,,,,,,,,,,,,,,,,,N,N,
2021,55,AU,P,"Albanese, Sal F",K,14,ABC,,,R0005932,10/21/2021,,CWA District One PAC,PCOMP,,,,M,New York,NY,10005.0,,,,,,,350.0,0.0,0.0,2,,,,,,,,,,,,,,,,,,N,N,
2021,44,1550,P,"Reynoso, Antonio",K,14,ABC,,,R0014977,10/28/2021,,New York State Laborers Politi,PCOMP,,,,Z,Albany,NY,12211.0,,,,,,,1000.0,0.0,0.0,2,,,,,,,,,,,,,,,,,,N,N,
2021,55,1695,P,"Shafran, Austin",I,10,ABC,,,R0004259,6/10/2021,,NEW YORK STATE LABORERS POLITI,PCOMP,,,,Z,Albany,NY,12211.0,,,,,,,1000.0,0.0,0.0,2,,,,,,,,,,,,,,,,,,N,N,
2021,55,1892,P,"Borelli, Joseph",N,8,ABC,,,R0006047,3/29/2021,,New York State Laborers Politi,PCOMP,,,,Z,Albany,NY,12211.0,,,,,,,1000.0,0.0,0.0,2,,,,,,,,,,,,,,,,,,N,N,
2021,5,1930,P,"Rivera, Carlina",J,8,ABC,,,R0004320,4/1/2021,,NEW YORK STATE LABORERS POLITI,PCOMP,,,,Z,Albany,NY,12211.0,,,,,,,1000.0,0.0,0.0,2,,,,,,,,,,,,,,,,,,N,N,
2021,5,1938,NP,"Powers, Keith",J,8,ABC,,,R0006153,3/21/2021,,New York State Laborers Politi,PCOMP,,,,Z,Albany,NY,12211.0,,,,,,,1000.0,0.0,0.0,2,,,,,,,,,,,,,,,,,,N,N,
2021,55,2270,P,"Lamorte, Rebecca",H,5,ABC,,,R0000358,1/27/2020,,New York State Laborers Politi,PCOMP,,,,Z,Albany,NY,12211.0,,,,,,,1000.0,0.0,0.0,2,,,,,,,,,,,,,,,,,,N,N,
2021,55,2376,P,"Aronov, David",H,10,ABC,,,R0002862,5/31/2021,,New York State Laborers Politi,PCOMP,,,,Z,Albany,NY,12211.0,,,,,,,1000.0,0.0,0.0,2,,,,,,,,,,,,,,,,,,N,N,
2021,55,2377,P,"Hollingsworth, Michael D",H,9,ABC,,,R0007953,5/26/2021,,New York State Laborers Politi,PCOMP,,,,Z,Albany,NY,12211.0,,,,,,,1000.0,0.0,0.0,2,,,,,,,,,,,,,,,,,,N,N,
2021,55,2380,P,"Won, Julie",H,14,ABC,,,R0005372,10/29/2021,,New York State Laborers Politi,PCOMP,,,,Z,Albany,NY,12211.0,,,,,,,500.0,0.0,0.0,2,,,,,,,,,,,,,,,,,,N,N,
2021,55,2394,P,"Abreu, Adolfo",H,8,ABC,,,R0005409,4/5/2021,,New York State Laborers Politi,PCOMP,,,,Z,Albany,NY,12211.0,,,,,,,1000.0,0.0,0.0,2,,,,,,,,,,,,,,,,,,N,N,
2021,55,2436,P,"Caban, Tiffany",H,8,ABC,,,R0008359,4/5/2021,,NEW YORK STATE LABORERS POLITI,PCOMP,,,,Z,Albany,NY,12211.0,,,,,,,1000.0,0.0,0.0,2,,,,,,,,,,,,,,,,,,N,N,
2021,55,380,P,"Moya, Francisco P",K,4,ABC,,,R0003063,1/2/2020,,New York State Laborers Politi,PCOMP,,,,Z,Albany,NY,12211.0,,,,,,,2500.0,0.0,0.0,2,,,,,,,,,,,,,,,,,,N,N,
2021,55,380,P,"Moya, Francisco P",K,7,M,,,R0004125,1/2/2020,2/11/2021,New York State Laborers Politi,PCOMP,,,,Z,Albany,NY,12211.0,,,,,,,-1500.0,0.0,0.0,0,,,,,,,,,,,,,,,,,2.0,N,N,
2021,55,2377,P,"Hollingsworth, Michael D",H,11,D,,,R0008591,7/12/2021,,NYC DSA PAC,PCOMP,,,,Q,Glendale,NY,11385.0,,,,,,,526.24,0.0,0.0,0,,,,,,,,,,,,,,,INTER,,,N,,
2021,55,2394,P,"Abreu, Adolfo",H,11,D,,,R0006841,7/15/2021,,NYC DSA PAC,PCOMP,,,,Q,Glendale,NY,11385.0,,,,,,,174.82,0.0,0.0,0,,,,,,,,,,,,,,,OTHER,,,N,,
2021,55,2394,P,"Abreu, Adolfo",H,8,D,,,R0005783,3/26/2021,,NYC DSA PAC,PCOMP,,,,Q,Glendale,NY,11385.0,,,,,,,300.0,0.0,0.0,0,,,,,,,,,,,,,,,FUNDR,,,N,,
2021,55,2436,P,"Caban, Tiffany",H,8,D,,,R0009594,3/26/2021,,NYC DSA POLITICAL COMMITTEE,PCOMP,,,,Q,Ridgewood,NY,11385.0,,,,,,,200.0,0.0,0.0,0,3.0,NYC DSA POLITICAL COMMITTEE,,,,Ridgewood,NY,11385.0,,,,,,,OTHER,,,N,,PCOMP
2021,55,2447,P,"Kaur, Jaslin",H,10,D,,,R0006118,3/27/2021,,NYC DSA Political Committee,PCOMP,,,,Q,Ridgewood,NY,11385.0,,,,,,,385.36,0.0,0.0,0,,,,,,,,,,,,,,,OTHER,,,N,,
2021,44,1152,P,"Matteo, Steven",K,10,ABC,,,R0009630,6/17/2021,,New York State Laborers,PCOMP,,,,Z,Albany,NY,12211.0,,,,,,,1500.0,0.0,0.0,2,,,,,,,,,,,,,,,,,,N,N,
2021,44,1190,P,"Richards, Donovan",N,10,ABC,,,R0018856,6/17/2021,,New York State Laborers,PCOMZ,,,,Z,Albany,NY,12211.0,,,,,,,1500.0,0.0,0.0,2,,,,,,,,,,,,,,,,,,N,N,
2021,44,1267,P,"Cornegy, Jr., Robert E",L,10,ABC,,,R0011197,6/14/2021,,New York State Laborers,PCOMP,,,,Z,Albany,NY,12211.0,,,,,,,1500.0,0.0,0.0,2,,,,,,,,,,,,,,,,,,N,N,
2021,55,1529,P,"Menin, Julie",I,14,ABC,,,R0010559,10/28/2021,,New York State Laborers,PCOMP,,,,Z,Albany,NY,12211.0,,,,,,,500.0,0.0,0.0,2,,,,,,,,,,,,,,,,,,N,N,
2021,55,1624,P,"Brooks-Powers, Selvena",J,9,ABC,,,R0005145,6/7/2021,,New York State Laborers,PCOMP,,,,Z,Albany,NY,12211.0,,,,,,,1000.0,0.0,0.0,2,,,,,,,,,,,,,,,,,,N,N,
2021,44,1707,P,"Gibson, Vanessa L",L,10,ABC,,,R0007584,6/18/2021,,New York State Laborers,PCOMP,,,,Z,Albany,NY,12211.0,,,,,,,1500.0,0.0,0.0,2,,,,,,,,,,,,,,,,,,N,N,
2021,55,1929,P,"Ayala, Diana I",J,10,ABC,,,R0004914,6/21/2021,,New York State Laborers,PCOMP,,,,Z,Albany,NY,12211.0,,,,,,,1000.0,0.0,0.0,2,,,,,,,,,,,,,,,,,,N,N,
2021,55,1945,P,"Farias, Amanda",I,8,ABC,,,R0008729,3/16/2021,,New York State Laborers,PCOMP,,,,Z,Albany,NY,12211.0,,,,,,,1000.0,0.0,0.0,2,,,,,,,,,,,,,,,,,,N,N,
2021,55,1968,P,"Saperstein, Steven",I,14,ABC,,,R0005315,10/30/2021,,New York State Laborers,PCOMP,,,,Z,Albany,NY,12211.0,,,,,,,500.0,0.0,0.0,2,,,,,,,,,,,,,,,,,,N,N,
2021,55,1990,P,"Brannan, Justin",J,8,ABC,,,R0007736,4/24/2021,,New York State Laborers,PCOMP,,,,Z,Albany,NY,12211.0,,,,,,,1000.0,0.0,0.0,2,,,,,,,,,,,,,,,,,,N,N,
2021,55,1996,P,"Hanks, Kamillah M",I,14,ABC,,,R0006685,11/15/2021,,New York State Laborers,PCOMP,,,,Z,Albany,NY,12211.0,,,,,,,500.0,0.0,0.0,2,,,,,,,,,,,,,,,,,,N,N,
2021,55,2063,P,"Adams, Adrienne",J,10,ABC,,,R0004943,6/9/2021,,New York State Laborers,PCOMP,,,,Z,Albany,NY,12211.0,,,,,,,1000.0,0.0,0.0,2,,,,,,,,,,,,,,,,,,N,N,
2021,55,2087,P,"Holden, Robert F",J,8,ABC,,,R0004757,3/15/2021,,New York State Laborers,PCOMP,,,,Z,Albany,NY,12211.0,,,,,,,1000.0,0.0,0.0,2,,,,,,,,,,,,,,,,,,N,N,
2021,55,2182,P,"Cambranes, Victoria E",I,8,ABC,,,R0002763,4/15/2021,,New York State Laborers,PCOMP,,,,Z,Albany,NY,12211.0,,,,,,,1000.0,0.0,0.0,2,,,,,,,,,,,,,,,,,,N,N,
2021,55,2206,P,"Krishnan, Shekar",H,14,ABC,,,R0004945,10/25/2021,,New York State Laborers,PCOMP,,,,Z,Albany,NY,12211.0,,,,,,,500.0,0.0,0.0,2,,,,,,,,,,,,,,,,,,N,N,
2021,55,2243,P,"Abreu, Shaun",H,9,ABC,,,R0004759,6/7/2021,,New York State Laborers,PCOMP,,,,Z,Albany,NY,12211.0,,,,,,,1000.0,0.0,0.0,2,,,,,,,,,,,,,,,,,,N,N,
2021,55,2255,P,"Barnes, Amoy K",H,9,ABC,,,R0005499,5/31/2021,,New York State Laborers,PCOMP,,,,Z,Albany,NY,12211.0,,,,,,,1000.0,0.0,0.0,2,,,,,,,,,,,,,,,,,,N,N,
2021,55,2256,P,"Hanif, Shahana",H,14,ABC,,,R0008560,11/1/2021,,New York State Laborers,PCOMP,,,,Z,Albany,NY,12211.0,,,,,,,500.0,0.0,0.0,2,,,,,,,,,,,,,,,,,,N,N,
2021,55,2267,P,"Hudson, Crystal",H,15,ABC,,,R0008039,11/11/2021,,New York State Laborers,PCOMP,,,,Z,Albany,NY,12211.0,,,,,,,1000.0,0.0,0.0,2,,,,,,,,,,,,,,,,,,N,N,
2021,55,2285,P,"Williams, Nantasha M",H,10,ABC,,,R0004622,6/28/2021,,New York State Laborers,PCOMP,,,,Z,Albany,NY,12211.0,,,,,,,1000.0,0.0,0.0,2,,,,,,,,,,,,,,,,,,N,N,
2021,55,2312,P,"Bottcher, Erik",H,8,ABC,,,R0004997,5/17/2021,,New York State Laborers,PCOMP,,,,Z,Albany,NY,12211.0,,,,,,,1000.0,0.0,0.0,2,,,,,,,,,,,,,,,,,,N,N,
2021,55,2371,P,"Osse, Chi",H,10,ABC,,,R0007276,5/31/2021,,New York State Laborers,PCOMP,,,,Z,Albany,NY,12211.0,,,,,,,1000.0,0.0,0.0,2,,,,,,,,,,,,,,,,,,N,N,
2021,55,2414,P,"Low, Jenny L",H,8,ABC,,,R0002652,4/29/2021,,New York State Laborers,PCOMP,,,,Z,Albany,NY,12211.0,,,,,,,1000.0,0.0,0.0,2,,,,,,,,,,,,,,,,,,N,N,
2021,55,2503,P,"Tran, Carolyn T",H,8,ABC,,,R0004090,4/16/2021,,New York State Laborers,PCOMP,,,,Z,Albany,NY,12211.0,,,,,,,1000.0,0.0,0.0,2,,,,,,,,,,,,,,,,,,N,N,
2021,55,2547,P,"Markh, Mariya",H,10,ABC,,,R0001680,6/11/2021,,New York State Laborers,PCOMP,,,,Z,Albany,NY,12211.0,,,,,,,1000.0,0.0,0.0,2,,,,,,,,,,,,,,,,,,N,N,
2021,55,51,P,"Avella, Tony",O,14,ABC,,,R0003942,10/29/2021,,New York State Laborers,PCOMP,,,,Z,Albany,NY,12211.0,,,,,,,500.0,0.0,0.0,2,,,,,,,,,,,,,,,,,,N,N,
2021,55,AU,P,"Albanese, Sal F",K,9,ABC,,,R0005415,5/31/2021,,New York State Laborers,PCOMP,,,,Z,Albany,NY,12211.0,,,,,,,1000.0,0.0,0.0,2,,,,,,,,,,,,,,,,,,N,N,
2021,44,1301,P,"Kallos, Benjamin J",L,10,ABC,,,R0020455,6/29/2021,,New York State Laborers PAC,PCOMP,,,,Z,Albany,NY,12211.0,,,,,,,1500.0,0.0,0.0,2,,,,,,,,,,,,,,,,,,N,N,
2021,11,148,P,"Stringer, Scott M",R,10,ABC,,,R0071194,6/18/2021,,New York State Laborers PAC,PCOMP,,,,Z,Albany,NY,12211.0,,,,,,,2000.0,0.0,0.0,2,,,,,,,,,,,,,,,,,,N,N,
2021,55,2349,P,"De La Rosa, Carmen N",H,10,ABC,,,R0004328,6/14/2021,,New York State Laborers PAC,PCOMP,,,,Z,Albany,NY,12211.0,,,,,,,1000.0,0.0,0.0,2,,,,,,,,,,,,,,,,,,N,N,
2021,55,2453,P,"Lee, Linda",H,10,ABC,,,R0002510,6/16/2021,,New York State Laborers PAC,PCOMP,,,,Z,Albany,NY,12211.0,,,,,,,1000.0,0.0,0.0,2,,,,,,,,,,,,,,,,,,N,N,
2021,55,283,P,"Gennaro, James F",M,8,ABC,,,R0003153,4/5/2021,,New York State Laborers PAC,PCOMP,,,,Z,Albany,NY,12211.0,,,,,,,1000.0,0.0,0.0,2,,,,,,,,,,,,,,,,,,N,N,
2021,5,829,NP,"Ampry-Samuel, Alicka",K,8,ABC,,,R0003356,3/15/2021,,New York State Laborers PAC,PCOMP,,,,Z,Albany,NY,12211.0,,,,,,,1000.0,0.0,0.0,2,,,,,,,,,,,,,,,,,,N,N,
2021,5,829,NP,"Ampry-Samuel, Alicka",K,8,ABC,,,R0003445,4/26/2021,,New York State Laborers PAC,PCOMP,,,,Z,Albany,NY,12211.0,,,,,,,1000.0,0.0,1000.0,2,,,,,,,,,,,,,,,,,,N,N,
2021,55,846,P,"Mealy, Darlene",L,14,ABC,,,R0004377,10/25/2021,,New York State Laborers PAC,PCOMP,,,,Z,Albany,NY,12211.0,,,,,,,500.0,0.0,0.0,2,,,,,,,,,,,,,,,,,,N,N,
2021,55,2348,P,"Sanchez, Pierina A",H,14,ABC,,,R0008119,10/25/2021,,New York State Laborers PAC- S,PCOMP,,,,Z,Albany,NY,12211.0,,,,,,,1000.0,0.0,0.0,2,,,,,,,,,,,,,,,,,,N,N,
2021,11,1545,P,"Adams, Eric L",L,12,ABC,,,R0068509,8/30/2021,,New york State Laborers Politc,EMPO,,,,Z,Albany,NY,12211.0,,,,,,,2000.0,0.0,0.0,2,,,,,,,,,,,,,,,,,,N,N,
2021,44,1550,P,"Reynoso, Antonio",K,14,ABC,,,R0014977,10/28/2021,,New York State Laborers Politi,PCOMP,,,,Z,Albany,NY,12211.0,,,,,,,1000.0,0.0,0.0,2,,,,,,,,,,,,,,,,,,N,N,
2021,55,1695,P,"Shafran, Austin",I,10,ABC,,,R0004259,6/10/2021,,NEW YORK STATE LABORERS POLITI,PCOMP,,,,Z,Albany,NY,12211.0,,,,,,,1000.0,0.0,0.0,2,,,,,,,,,,,,,,,,,,N,N,
2021,55,1892,P,"Borelli, Joseph",N,8,ABC,,,R0006047,3/29/2021,,New York State Laborers Politi,PCOMP,,,,Z,Albany,NY,12211.0,,,,,,,1000.0,0.0,0.0,2,,,,,,,,,,,,,,,,,,N,N,
2021,5,1930,P,"Rivera, Carlina",J,8,ABC,,,R0004320,4/1/2021,,NEW YORK STATE LABORERS POLITI,PCOMP,,,,Z,Albany,NY,12211.0,,,,,,,1000.0,0.0,0.0,2,,,,,,,,,,,,,,,,,,N,N,
2021,5,1938,NP,"Powers, Keith",J,8,ABC,,,R0006153,3/21/2021,,New York State Laborers Politi,PCOMP,,,,Z,Albany,NY,12211.0,,,,,,,1000.0,0.0,0.0,2,,,,,,,,,,,,,,,,,,N,N,
2021,55,2270,P,"Lamorte, Rebecca",H,5,ABC,,,R0000358,1/27/2020,,New York State Laborers Politi,PCOMP,,,,Z,Albany,NY,12211.0,,,,,,,1000.0,0.0,0.0,2,,,,,,,,,,,,,,,,,,N,N,
2021,55,2376,P,"Aronov, David",H,10,ABC,,,R0002862,5/31/2021,,New York State Laborers Politi,PCOMP,,,,Z,Albany,NY,12211.0,,,,,,,1000.0,0.0,0.0,2,,,,,,,,,,,,,,,,,,N,N,
2021,55,2377,P,"Hollingsworth, Michael D",H,9,ABC,,,R0007953,5/26/2021,,New York State Laborers Politi,PCOMP,,,,Z,Albany,NY,12211.0,,,,,,,1000.0,0.0,0.0,2,,,,,,,,,,,,,,,,,,N,N,
2021,55,2380,P,"Won, Julie",H,14,ABC,,,R0005372,10/29/2021,,New York State Laborers Politi,PCOMP,,,,Z,Albany,NY,12211.0,,,,,,,500.0,0.0,0.0,2,,,,,,,,,,,,,,,,,,N,N,
2021,55,2394,P,"Abreu, Adolfo",H,8,ABC,,,R0005409,4/5/2021,,New York State Laborers Politi,PCOMP,,,,Z,Albany,NY,12211.0,,,,,,,1000.0,0.0,0.0,2,,,,,,,,,,,,,,,,,,N,N,
2021,55,2436,P,"Caban, Tiffany",H,8,ABC,,,R0008359,4/5/2021,,NEW YORK STATE LABORERS POLITI,PCOMP,,,,Z,Albany,NY,12211.0,,,,,,,1000.0,0.0,0.0,2,,,,,,,,,,,,,,,,,,N,N,
2021,55,380,P,"Moya, Francisco P",K,4,ABC,,,R0003063,1/2/2020,,New York State Laborers Politi,PCOMP,,,,Z,Albany,NY,12211.0,,,,,,,2500.0,0.0,0.0,2,,,,,,,,,,,,,,,,,,N,N,
2021,55,380,P,"Moya, Francisco P",K,7,M,,,R0004125,1/2/2020,2/11/2021,New York State Laborers Politi,PCOMP,,,,Z,Albany,NY,12211.0,,,,,,,-1500.0,0.0,0.0,0,,,,,,,,,,,,,,,,,2.0,N,N,
2021,6,1710,NP,"Torres, Ritchie J",J,2,ABC,,,R0005454,12/20/2018,,New York State Laborers',PCOMP,,,,Z,Albany,NY,12211.0,,,,,,,2350.0,0.0,0.0,2,,,,,,,,,,,,,,,,,,N,N,
2021,22,1227,P,"Williams, Jumaane D",P,10,ABC,,,R0034813,7/1/2021,,New York State Laborers' PAC,PCOMP,,,,Z,Albany,NY,12211.0,,,,,,,2000.0,0.0,0.0,2,,,,,,,,,,,,,,,,,,N,N,
2021,44,311,P,"Levine, Mark",N,15,ABC,,,R0020180,12/1/2021,,New York State Laborers' PAC,PCOMP,,,,Z,Albany,NY,12211.0,,,,,,,1000.0,0.0,0.0,2,,,,,,,,,,,,,,,,,,N,N,
2021,55,399,P,"Brewer, Gale",P,8,ABC,,,R0004848,4/9/2021,,The New York State Laborers Po,PCOMP,,,,Z,Albany,NY,12211.0,,,,,,,1000.0,0.0,0.0,2,,,,,,,,,,,,,,,,,,N,N,
2021,44,1301,P,"Kallos, Benjamin J",L,10,ABC,,,R0020455,6/29/2021,,New York State Laborers PAC,PCOMP,,,,Z,Albany,NY,12211.0,,,,,,,1500.0,0.0,0.0,2,,,,,,,,,,,,,,,,,,N,N,
2021,11,148,P,"Stringer, Scott M",R,10,ABC,,,R0071194,6/18/2021,,New York State Laborers PAC,PCOMP,,,,Z,Albany,NY,12211.0,,,,,,,2000.0,0.0,0.0,2,,,,,,,,,,,,,,,,,,N,N,
2021,55,2349,P,"De La Rosa, Carmen N",H,10,ABC,,,R0004328,6/14/2021,,New York State Laborers PAC,PCOMP,,,,Z,Albany,NY,12211.0,,,,,,,1000.0,0.0,0.0,2,,,,,,,,,,,,,,,,,,N,N,
2021,55,2453,P,"Lee, Linda",H,10,ABC,,,R0002510,6/16/2021,,New York State Laborers PAC,PCOMP,,,,Z,Albany,NY,12211.0,,,,,,,1000.0,0.0,0.0,2,,,,,,,,,,,,,,,,,,N,N,
2021,55,283,P,"Gennaro, James F",M,8,ABC,,,R0003153,4/5/2021,,New York State Laborers PAC,PCOMP,,,,Z,Albany,NY,12211.0,,,,,,,1000.0,0.0,0.0,2,,,,,,,,,,,,,,,,,,N,N,
2021,5,829,NP,"Ampry-Samuel, Alicka",K,8,ABC,,,R0003356,3/15/2021,,New York State Laborers PAC,PCOMP,,,,Z,Albany,NY,12211.0,,,,,,,1000.0,0.0,0.0,2,,,,,,,,,,,,,,,,,,N,N,
2021,5,829,NP,"Ampry-Samuel, Alicka",K,8,ABC,,,R0003445,4/26/2021,,New York State Laborers PAC,PCOMP,,,,Z,Albany,NY,12211.0,,,,,,,1000.0,0.0,1000.0,2,,,,,,,,,,,,,,,,,,N,N,
2021,55,846,P,"Mealy, Darlene",L,14,ABC,,,R0004377,10/25/2021,,New York State Laborers PAC,PCOMP,,,,Z,Albany,NY,12211.0,,,,,,,500.0,0.0,0.0,2,,,,,,,,,,,,,,,,,,N,N,
2021,55,2348,P,"Sanchez, Pierina A",H,14,ABC,,,R0008119,10/25/2021,,New York State Laborers PAC- S,PCOMP,,,,Z,Albany,NY,12211.0,,,,,,,1000.0,0.0,0.0,2,,,,,,,,,,,,,,,,,,N,N,
2021,44,1550,P,"Reynoso, Antonio",K,14,ABC,,,R0014977,10/28/2021,,New York State Laborers Politi,PCOMP,,,,Z,Albany,NY,12211.0,,,,,,,1000.0,0.0,0.0,2,,,,,,,,,,,,,,,,,,N,N,
2021,55,1695,P,"Shafran, Austin",I,10,ABC,,,R0004259,6/10/2021,,NEW YORK STATE LABORERS POLITI,PCOMP,,,,Z,Albany,NY,12211.0,,,,,,,1000.0,0.0,0.0,2,,,,,,,,,,,,,,,,,,N,N,
2021,55,1892,P,"Borelli, Joseph",N,8,ABC,,,R0006047,3/29/2021,,New York State Laborers Politi,PCOMP,,,,Z,Albany,NY,12211.0,,,,,,,1000.0,0.0,0.0,2,,,,,,,,,,,,,,,,,,N,N,
2021,5,1930,P,"Rivera, Carlina",J,8,ABC,,,R0004320,4/1/2021,,NEW YORK STATE LABORERS POLITI,PCOMP,,,,Z,Albany,NY,12211.0,,,,,,,1000.0,0.0,0.0,2,,,,,,,,,,,,,,,,,,N,N,
2021,5,1938,NP,"Powers, Keith",J,8,ABC,,,R0006153,3/21/2021,,New York State Laborers Politi,PCOMP,,,,Z,Albany,NY,12211.0,,,,,,,1000.0,0.0,0.0,2,,,,,,,,,,,,,,,,,,N,N,
2021,55,2270,P,"Lamorte, Rebecca",H,5,ABC,,,R0000358,1/27/2020,,New York State Laborers Politi,PCOMP,,,,Z,Albany,NY,12211.0,,,,,,,1000.0,0.0,0.0,2,,,,,,,,,,,,,,,,,,N,N,
2021,55,2376,P,"Aronov, David",H,10,ABC,,,R0002862,5/31/2021,,New York State Laborers Politi,PCOMP,,,,Z,Albany,NY,12211.0,,,,,,,1000.0,0.0,0.0,2,,,,,,,,,,,,,,,,,,N,N,
2021,55,2377,P,"Hollingsworth, Michael D",H,9,ABC,,,R0007953,5/26/2021,,New York State Laborers Politi,PCOMP,,,,Z,Albany,NY,12211.0,,,,,,,1000.0,0.0,0.0,2,,,,,,,,,,,,,,,,,,N,N,
2021,55,2380,P,"Won, Julie",H,14,ABC,,,R0005372,10/29/2021,,New York State Laborers Politi,PCOMP,,,,Z,Albany,NY,12211.0,,,,,,,500.0,0.0,0.0,2,,,,,,,,,,,,,,,,,,N,N,
2021,55,2394,P,"Abreu, Adolfo",H,8,ABC,,,R0005409,4/5/2021,,New York State Laborers Politi,PCOMP,,,,Z,Albany,NY,12211.0,,,,,,,1000.0,0.0,0.0,2,,,,,,,,,,,,,,,,,,N,N,
2021,55,2436,P,"Caban, Tiffany",H,8,ABC,,,R0008359,4/5/2021,,NEW YORK STATE LABORERS POLITI,PCOMP,,,,Z,Albany,NY,12211.0,,,,,,,1000.0,0.0,0.0,2,,,,,,,,,,,,,,,,,,N,N,
2021,55,380,P,"Moya, Francisco P",K,4,ABC,,,R0003063,1/2/2020,,New York State Laborers Politi,PCOMP,,,,Z,Albany,NY,12211.0,,,,,,,2500.0,0.0,0.0,2,,,,,,,,,,,,,,,,,,N,N,
2021,55,380,P,"Moya, Francisco P",K,7,M,,,R0004125,1/2/2020,2/11/2021,New York State Laborers Politi,PCOMP,,,,Z,Albany,NY,12211.0,,,,,,,-1500.0,0.0,0.0,0,,,,,,,,,,,,,,,,,2.0,N,N,
2021,11,1545,P,"Adams, Eric L",L,3,ABC,,,R0014228,7/11/2019,,police Benevolent Association,PCOMP,,,,M,BOWLING GREEN,NY,10004.0,,,,,,,1000.0,0.0,0.0,2,,,,,,,,,,,,,,,,,,N,N,
2021,11,1545,P,"Adams, Eric L",L,5,M,,,R0022337,7/11/2019,6/23/2020,police Benevolent Association,PCOMP,,,,M,BOWLING GREEN,NY,10004.0,,,,,,,-1000.0,0.0,0.0,0,,,,,,,,,,,,,,,,,2.0,N,N,
2021,5,1938,NP,"Powers, Keith",J,3,ABC,,,R0003670,7/10/2019,,Police Benevolent Association,PCOMP,,,,M,New York,NY,10004.0,,,,,,,1000.0,0.0,0.0,2,,,,,,,,,,,,,,,,,,N,N,
2021,55,1968,P,"Saperstein, Steven",I,9,ABC,,,R0004156,6/1/2021,,Police Benevolent Association,PCOMP,,,,M,BOWLING GREEN,NY,10004.0,,,,,,,1000.0,0.0,0.0,2,,,,,,,,,,,,,,,,,,N,N,
2021,55,1990,P,"Brannan, Justin",J,4,ABC,,,R0005832,8/1/2019,,Police Benevolent Association,PCOMP,,,,M,BOWLING GREEN,NY,10004.0,,,,,,,1000.0,0.0,0.0,2,,,,,,,,,,,,,,,,,,N,N,
2021,33,232,P,"Weprin, David I",M,10,ABC,,,R0009528,6/8/2021,,Police Benevolent Association,PCOMP,,,,M,BOWLING GREEN,NY,10004.0,,,,,,,1000.0,0.0,500.0,2,,,,,,,,,,,,,,,,,,N,N,
2021,33,232,P,"Weprin, David I",M,3,ABC,,,R0000395,4/17/2019,,Police Benevolent Association,PCOMP,,,,M,BOWLING GREEN,NY,10004.0,,,,,,,500.0,0.0,0.0,2,,,,,,,,,,,,,,,,,,N,N,
2021,55,380,P,"Moya, Francisco P",K,4,ABC,,,R0003050,1/9/2020,,Police Benevolent Association,PCOMP,,,,M,New York,NY,10004.0,,,,,,,500.0,0.0,0.0,2,,,,,,,,,,,,,,,,,,N,N,
2021,33,1164,P,"Lander, Brad",L,14,ABC,,,R0062242,10/28/2021,,PSC PAC,PCOMP,,,,M,New York,NY,10006.0,,,,,,,750.0,0.0,1000.0,2,,,,,,,,,,,,,,,,,,N,N,
2021,33,1164,P,"Lander, Brad",L,7,ABC,,,R0046368,3/8/2021,,PSC PAC,PCOMP,,,,M,New York,NY,10006.0,,,,,,,1000.0,0.0,0.0,2,,,,,,,,,,,,,,,,,,N,N,
2021,44,1190,P,"Richards, Donovan",N,10,ABC,,,R0018998,6/28/2021,,PSC PAC,PCOMP,,,,M,New York,NY,10006.0,,,,,,,1125.0,0.0,0.0,2,,,,,,,,,,,,,,,,,,N,N,
2021,22,1227,P,"Williams, Jumaane D",P,7,ABC,,,R0030716,2/1/2021,,PSC PAC,PCOMP,,,,M,New York,NY,10006.0,,,,,,,1000.0,0.0,0.0,2,,,,,,,,,,,,,,,,,,N,N,
2021,44,1301,P,"Kallos, Benjamin J",L,3,ABC,,,R0007157,4/9/2019,,PSC PAC,PCOMP,,,,M,New York,NY,10006.0,,,,,,,200.0,0.0,0.0,2,,,,,,,,,,,,,,,,,,N,N,
2021,55,1529,P,"Menin, Julie",I,8,ABC,,,R0008557,3/17/2021,,PSC PAC,PCOMP,,,,M,New York,NY,10006.0,,,,,,,1000.0,0.0,0.0,2,,,,,,,,,,,,,,,,,,N,N,
2021,44,1550,P,"Reynoso, Antonio",K,10,ABC,,,R0014087,6/15/2021,,PSC PAC,PCOMP,,,,M,New York,NY,10006.0,,,,,,,1125.0,0.0,0.0,2,,,,,,,,,,,,,,,,,,N,N,
2021,44,1707,P,"Gibson, Vanessa L",L,10,ABC,,,R0007719,7/9/2021,,PSC PAC,PCOMP,,,,M,New York,NY,10006.0,,,,,,,1125.0,0.0,0.0,2,,,,,,,,,,,,,,,,,,N,N,
2021,55,1929,P,"Ayala, Diana I",J,8,ABC,,,R0004540,3/15/2021,,PSC PAC,PCOMP,,,,M,BOWLING GREEN,NY,10004.0,,,,,,,500.0,0.0,0.0,2,,,,,,,,,,,,,,,,,,N,N,
2021,5,1938,NP,"Powers, Keith",J,8,ABC,,,R0006155,3/21/2021,,PSC PAC,PCOMP,,,,M,New York,NY,10006.0,,,,,,,500.0,0.0,0.0,2,,,,,,,,,,,,,,,,,,N,N,
2021,55,1984,P,"Velazquez, Marjorie",I,7,ABC,,,R0003120,3/8/2021,,PSC PAC,PCOMP,,,,M,New York,NY,10006.0,,,,,,,1000.0,0.0,0.0,2,,,,,,,,,,,,,,,,,,N,N,
2021,55,1990,P,"Brannan, Justin",J,7,ABC,,,R0007599,2/22/2021,,PSC PAC,PCOMP,,,,M,New York,NY,10006.0,,,,,,,500.0,0.0,0.0,2,,,,,,,,,,,,,,,,,,N,N,
2021,55,1996,P,"Hanks, Kamillah M",I,14,ABC,,,R0006666,11/16/2021,,PSC PAC,PCOMP,,,,M,New York,NY,10006.0,,,,,,,500.0,0.0,0.0,2,,,,,,,,,,,,,,,,,,N,N,
2021,55,2190,P,"Rein, Briget",H,8,ABC,,,R0003229,4/19/2021,,PSC PAC,PCOMP,,,,M,New York,NY,10006.0,,,,,,,500.0,0.0,0.0,2,,,,,,,,,,,,,,,,,,N,N,
2021,55,2206,P,"Krishnan, Shekar",H,9,ABC,,,R0003606,6/7/2021,,PSC PAC,PCOMP,,,,M,New York,NY,10006.0,,,,,,,750.0,0.0,0.0,2,,,,,,,,,,,,,,,,,,N,N,
2021,55,2251,P,"Garcia, Johanna",H,8,ABC,,,R0005108,5/17/2021,,PSC PAC,PCOMP,,,,M,New York,NY,10006.0,,,,,,,500.0,0.0,0.0,2,,,,,,,,,,,,,,,,,,N,N,
2021,55,2252,P,"West, Brandon",H,9,ABC,,,R0007233,5/23/2021,,PSC PAC,PCOMP,,,,M,New York,NY,10006.0,,,,,,,1000.0,0.0,0.0,2,,,,,,,,,,,,,,,,,,N,N,
2021,33,2258,P,"Benjamin, Brian",H,7,ABC,,,R0012882,2/26/2021,,PSC PAC,PCOMP,,,,M,New York,NY,10006.0,,,,,,,500.0,0.0,0.0,2,,,,,,,,,,,,,,,,,,N,N,
2021,55,2266,P,"Singh, Felicia",H,7,ABC,,,R0004723,3/8/2021,,PSC PAC,PCOMP,,,,M,New York,NY,10006.0,,,,,,,1000.0,0.0,0.0,2,,,,,,,,,,,,,,,,,,N,N,
2021,55,2306,P,"Aviles, Alexa",H,7,ABC,,,R0005339,3/8/2021,,PSC PAC,PCOMP,,,,M,New York,NY,10006.0,,,,,,,1000.0,0.0,0.0,2,,,,,,,,,,,,,,,,,,N,N,
2021,55,2309,P,"Ordonez, Maria",H,8,ABC,,,R0003826,3/8/2021,,PSC PAC,PCOMP,,,,M,New York,NY,10006.0,,,,,,,1000.0,0.0,0.0,2,,,,,,,,,,,,,,,,,,N,N,
2021,55,2310,P,"Nurse, Sandy",J,16,ABC,,,R0007180,3/8/2021,,PSC PAC,PCOMP,,,,M,New York,NY,10006.0,,,,,,,1000.0,0.0,0.0,2,,,,,,,,,,,,,,,,,,N,N,
2021,55,2314,P,"Ardila, Juan D",H,7,ABC,,,R0003746,3/8/2021,,PSC PAC,PCOMP,,,,M,New York,NY,10006.0,,,,,,,1000.0,0.0,0.0,2,,,,,,,,,,,,,,,,,,N,N,
2021,33,232,P,"Weprin, David I",M,7,ABC,,,R0006266,2/26/2021,,PSC PAC,OTHR,,,,M,New York,NY,10006.0,,,,,,,500.0,0.0,0.0,2,,,,,,,,,,,,,,,,,,N,N,
2021,55,2327,P,"Riley, Kevin C",J,8,ABC,,,R0004241,3/18/2021,,PSC PAC,PCOMP,,,,M,New York,NY,10006.0,,,,,,,1000.0,0.0,0.0,2,,,,,,,,,,,,,,,,,,N,N,
2021,55,2349,P,"De La Rosa, Carmen N",H,8,ABC,,,R0004051,5/17/2021,,PSC PAC,PCOMP,,,,M,New York,NY,10006.0,,,,,,,500.0,0.0,0.0,2,,,,,,,,,,,,,,,,,,N,N,
2021,55,2357,P,"Gutierrez, Jennifer",H,7,ABC,,,R0002532,2/22/2021,,PSC PAC,PCOMP,,,,M,New York,NY,10006.0,,,,,,,1000.0,0.0,0.0,2,,,,,,,,,,,,,,,,,,N,N,
2021,55,2377,P,"Hollingsworth, Michael D",H,9,ABC,,,R0007957,3/8/2021,,PSC PAC,PCOMP,,,,M,New York,NY,10006.0,,,,,,,1000.0,0.0,0.0,2,,,,,,,,,,,,,,,,,,N,N,
2021,55,2394,P,"Abreu, Adolfo",H,8,ABC,,,R0005285,4/14/2021,,PSC PAC,PCOMP,,,,M,New York,NY,10006.0,,,,,,,1000.0,0.0,0.0,2,,,,,,,,,,,,,,,,,,N,N,
2021,44,2415,P,"Fernandez, Nathalia",H,10,ABC,,,R0005628,7/8/2021,,PSC PAC,PCOMP,,,,M,New York,NY,10006.0,,,,,,,750.0,0.0,0.0,2,,,,,,,,,,,,,,,,,,N,N,
2021,55,2436,P,"Caban, Tiffany",H,8,ABC,,,R0008353,3/8/2021,,PSC PAC,PCOMP,,,,M,New York,NY,10006.0,,,,,,,1000.0,0.0,0.0,2,,,,,,,,,,,,,,,,,,N,N,
2021,55,2455,P,"Restler, Lincoln",H,11,ABC,,,R0004309,7/14/2021,,PSC PAC,PCOMP,,,,M,New York,NY,10006.0,,,,,,,250.0,0.0,0.0,2,,,,,,,,,,,,,,,,,,N,N,
2021,55,2505,P,"Bagga, Amit S",H,7,ABC,,,R0002618,2/16/2021,,PSC PAC,PCOMP,,,,M,New York,NY,10006.0,,,,,,,1000.0,0.0,0.0,2,,,,,,,,,,,,,,,,,,N,N,
2021,55,399,P,"Brewer, Gale",P,7,ABC,,,R0004428,2/16/2021,,PSC PAC,PCOMP,,,,M,New York,NY,10006.0,,,,,,,1000.0,0.0,0.0,2,,,,,,,,,,,,,,,,,,N,N,
2021,33,466,P,"Parker, Kevin",I,7,ABC,,,R0004554,3/5/2021,,PSC PAC,PCOMP,,,,M,New York,NY,10006.0,,,,,,,500.0,0.0,0.0,2,,,,,,,,,,,,,,,,,,N,N,
2021,5,829,NP,"Ampry-Samuel, Alicka",K,8,ABC,,,R0003449,4/23/2021,,PSC PAC,PCOMP,,,,M,New York,NY,10006.0,,,,,,,500.0,0.0,0.0,2,,,,,,,,,,,,,,,,,,N,N,
2021,55,1159,P,"Narcisse, Mercedes",I,8,ABC,,,R0004887,4/26/2021,,1199 SEIU,PCOMP,,,,M,New York,NY,10018.0,,,,,,,1000.0,0.0,0.0,2,,,,,,,,,,,,,,,,,,N,N,
2021,55,1996,P,"Hanks, Kamillah M",I,13,ABC,,,R0006445,10/6/2021,,1199 SEIU,PCOMP,,,,M,New York,NY,10018.0,,,,,,,1000.0,0.0,0.0,2,,,,,,,,,,,,,,,,,,N,N,
2021,55,2255,P,"Barnes, Amoy K",H,6,ABC,,,R0004426,12/29/2020,,1199 SEIU,EMPO,,,,M,New York,NY,10018.0,,,,,,,1000.0,0.0,0.0,2,,,,,,,,,,,,,,,,,,N,N,
2021,55,2447,P,"Kaur, Jaslin",H,9,ABC,,,R0006092,4/14/2021,,1199 SEIU,PCOMP,,,,M,New York,NY,10036.0,,,,,,,1000.0,0.0,0.0,2,,,,,,,,,,,,,,,,,,N,N,
2021,55,DD,P,"Barron, Charles",N,18,ABC,,,R0002682,5/30/2023,,1199 SEIU,PCOMP,,,,M,New York,NY,10018.0,,,,,,,1000.0,0.0,0.0,2,,,,,,,,,,,,,,,,,,N,N,
2021,55,2256,P,"Hanif, Shahana",H,14,ABC,,,R0008554,11/1/2021,,1199 SEIU - NYS PA,PCOMP,,,,M,New York,NY,10036.0,,,,,,,1000.0,0.0,0.0,2,,,,,,,,,,,,,,,,,,N,N,
2021,55,1945,P,"Farias, Amanda",I,6,ABC,,,R0007804,1/2/2021,,1199 SEIU - NYS PAC,PCOMP,,,,M,New York,NY,10018.0,,,,,,,1000.0,0.0,0.0,2,,,,,,,,,,,,,,,,,,N,N,
2021,55,2505,P,"Bagga, Amit S",H,7,ABC,,,R0002626,3/3/2021,,1199 SEIU - NYS PAC,PCOMP,,,,M,New York,NY,10018.0,,,,,,,1000.0,0.0,0.0,2,,,,,,,,,,,,,,,,,,N,N,
2021,44,1190,P,"Richards, Donovan",N,7,ABC,,,R0016749,2/21/2021,,1199 SEIU - NYS Political Acti,PCOMP,,,,M,New York,NY,10108.0,,,,,,,1500.0,0.0,0.0,2,,,,,,,,,,,,,,,,,,N,N,
2021,55,1376,P,"Choe, John",I,8,ABC,,,R0003704,3/13/2021,,1199 SEIU - NYS Political Acti,PCOMP,,,,M,New York,NY,10018.0,,,,,,,1000.0,0.0,0.0,2,,,,,,,,,,,,,,,,,,N,N,
2021,55,1529,P,"Menin, Julie",I,13,ABC,,,R0010451,10/6/2021,,1199 SEIU - NYS Political Acti,PCOMP,,,,M,New York,NY,10018.0,,,,,,,1000.0,0.0,0.0,2,,,,,,,,,,,,,,,,,,N,N,
2021,55,1624,P,"Brooks-Powers, Selvena",J,10,ABC,,,R0005375,6/9/2021,,1199 SEIU - NYS Political Acti,PCOMP,,,,M,New York,NY,10018.0,,,,,,,500.0,0.0,0.0,2,,,,,,,,,,,,,,,,,,N,N,
2021,44,1707,P,"Gibson, Vanessa L",L,8,ABC,,,R0006335,5/12/2021,,1199 SEIU - NYS Political Acti,PCOMP,,,,M,New York,NY,10108.0,,,,,,,1500.0,0.0,0.0,2,,,,,,,,,,,,,,,,,,N,N,
2021,55,1717,P,"Kagan, Ari",J,10,ABC,,,R0003590,6/14/2021,,1199 SEIU - NYS Political Acti,PCOMP,,,,M,New York,NY,10018.0,,,,,,,1000.0,0.0,0.0,2,,,,,,,,,,,,,,,,,,N,N,
2021,5,1902,NP,"Salamanca, Rafael",K,8,ABC,,,R0008171,5/14/2021,,1199 SEIU - NYS Political Acti,PCOMP,,,,M,New York,NY,10108.0,,,,,,,1000.0,0.0,0.0,2,,,,,,,,,,,,,,,,,,N,N,
2021,5,1938,NP,"Powers, Keith",J,7,ABC,,,R0005829,2/16/2021,,1199 SEIU - NYS Political Acti,PCOMP,,,,M,New York,NY,10018.0,,,,,,,1000.0,0.0,0.0,2,,,,,,,,,,,,,,,,,,N,N,
2021,55,1984,P,"Velazquez, Marjorie",I,7,ABC,,,R0002730,3/10/2021,,1199 SEIU - NYS Political Acti,PCOMP,,,,M,New York,NY,10018.0,,,,,,,1000.0,0.0,0.0,2,,,,,,,,,,,,,,,,,,N,N,
2021,55,2011,P,"Cleare, Cordell",J,8,ABC,,,R0003251,3/22/2021,,1199 SEIU - NYS Political Acti,EMPO,,,,M,New York,NY,10018.0,,,,,,,1000.0,0.0,0.0,2,,,,,,,,,,,,,,,,,,N,N,
2021,55,2190,P,"Rein, Briget",H,8,ABC,,,R0003412,5/3/2021,,1199 SEIU - NYS Political Acti,PCOMP,,,,M,New York,NY,10018.0,,,,,,,1000.0,0.0,0.0,2,,,,,,,,,,,,,,,,,,N,N,
2021,55,2192,P,"Dinowitz, Eric",I,10,ABC,,,R0001369,6/12/2021,,1199 SEIU - NYS Political Acti,PCOMP,,,,M,New York,NY,10018.0,,,,,,,1000.0,0.0,0.0,2,,,,,,,,,,,,,,,,,,N,N,
2021,55,2206,P,"Krishnan, Shekar",H,9,ABC,,,R0003868,3/3/2021,,1199 SEIU - NYS Political Acti,PCOMP,,,,M,New York,NY,10018.0,,,,,,,1000.0,0.0,0.0,2,,,,,,,,,,,,,,,,,,N,N,
2021,55,2246,P,"Joseph, Rita C",H,8,ABC,,,R0003888,4/14/2021,,1199 SEIU - NYS Political Acti,PCOMP,,,,M,New York,NY,10018.0,,,,,,,1000.0,0.0,0.0,2,,,,,,,,,,,,,,,,,,N,N,
2021,55,2259,P,"Stevens, Althea V",H,6,ABC,,,R0001938,12/29/2020,,1199 SEIU - NYS Political Acti,PCOMP,,,,M,New York,NY,10018.0,,,,,,,1000.0,0.0,0.0,2,,,,,,,,,,,,,,,,,,N,N,
2021,55,2267,P,"Hudson, Crystal",H,6,ABC,,,R0005249,1/6/2021,,1199 SEIU - NYS Political Acti,PCOMP,,,,M,New York,NY,10018.0,,,,,,,1000.0,0.0,0.0,2,,,,,,,,,,,,,,,,,,N,N,
2021,55,2291,P,"Florentino, Wilfredo",H,8,ABC,,,R0002304,4/26/2021,,1199 SEIU - NYS Political Acti,PCOMP,,,,M,New York,NY,10018.0,,,,,,,1000.0,0.0,0.0,2,,,,,,,,,,,,,,,,,,N,N,
2021,55,2306,P,"Aviles, Alexa",H,8,ABC,,,R0005564,4/8/2021,,1199 SEIU - NYS Political Acti,PCOMP,,,,M,New York,NY,10018.0,,,,,,,1000.0,0.0,0.0,2,,,,,,,,,,,,,,,,,,N,N,
2021,55,2312,P,"Bottcher, Erik",H,10,ABC,,,R0005563,6/21/2021,,1199 SEIU - NYS Political Acti,OTHR,,,,M,New York,NY,10018.0,,,,,,,1000.0,0.0,0.0,2,,,,,,,,,,,,,,,,,,N,N,
2021,55,2314,P,"Ardila, Juan D",H,6,ABC,,,R0002550,12/29/2020,,1199 SEIU - NYS Political Acti,PCOMP,,,,M,New York,NY,10018.0,,,,,,,1000.0,0.0,0.0,2,,,,,,,,,,,,,,,,,,N,N,
2021,55,2348,P,"Sanchez, Pierina A",H,8,ABC,,,R0006736,5/1/2021,,1199 SEIU - NYS Political Acti,PCOMP,,,,M,New York,NY,10018.0,,,,,,,1000.0,0.0,0.0,2,,,,,,,,,,,,,,,,,,N,N,
2021,55,2380,P,"Won, Julie",H,14,ABC,,,R0005369,10/21/2021,,1199 SEIU - NYS Political Acti,PCOMP,,,,M,New York,NY,10036.0,,,,,,,1000.0,0.0,0.0,2,,,,,,,,,,,,,,,,,,N,N,
2021,55,2503,P,"Tran, Carolyn T",H,7,ABC,,,R0002918,3/8/2021,,1199 SEIU - NYS POLITICAL ACTI,PCOMP,,,,M,New York,NY,10018.0,,,,,,,500.0,0.0,0.0,2,,,,,,,,,,,,,,,,,,N,N,
2021,5,829,NP,"Ampry-Samuel, Alicka",K,7,ABC,,,R0003052,2/25/2021,,1199 SEIU - NYS Political Acti,PCOMP,,,,M,New York,NY,10018.0,,,,,,,1000.0,0.0,0.0,2,,,,,,,,,,,,,,,,,,N,N,
2021,44,2611,P,"Murphy, Mark",H,14,ABC,,,R0008471,6/22/2021,,1199 SEIU Funds,PCOMP,,,,M,New York,NY,10018.0,,,,,,,1000.0,0.0,0.0,2,,,,,,,,,,,,,,,,,,N,N,
2021,44,296,P,"Hoylman, Brad",J,10,ABC,,,R0010723,6/23/2021,,1199 SEIU NYS PAC,PCOMP,,,,M,New York,NY,10018.0,,,,,,,1500.0,0.0,0.0,2,,,,,,,,,,,,,,,,,,N,N,
2021,55,2349,P,"De La Rosa, Carmen N",H,8,ABC,,,R0003844,3/29/2021,,1199 SEIU NYS PAF,PCOMP,,,,M,New York,NY,10018.0,,,,,,,1000.0,0.0,0.0,2,,,,,,,,,,,,,,,,,,N,N,
2021,33,1164,P,"Lander, Brad",L,13,ABC,,,R0061535,10/18/2021,,1199 SEIU NYS Political Action,OTHR,,,,M,New York,NY,10018.0,,,,,,,2000.0,0.0,0.0,2,,,,,,,,,,,,,,,,,,N,N,
2021,22,1227,P,"Williams, Jumaane D",P,7,ABC,,,R0032082,3/9/2021,,1199 SEIU NYS POLITICAL ACTION,PCOMP,,,,M,New York,NY,10018.0,,,,,,,2000.0,0.0,0.0,2,,,,,,,,,,,,,,,,,,N,N,
2021,55,2063,P,"Adams, Adrienne",J,7,ABC,,,R0004168,2/20/2021,,1199 SEIU NYS Political Action,EMPO,,,,M,New York,NY,10036.0,,,,,,,1000.0,0.0,0.0,2,,,,,,,,,,,,,,,,,,N,N,
2021,55,2266,P,"Singh, Felicia",H,13,ABC,,,R0008921,10/13/2021,,1199 SEIU NYS Political Action,PCOMP,,,,M,New York,NY,10018.0,,,,,,,1000.0,0.0,0.0,2,,,,,,,,,,,,,,,,,,N,N,
2021,55,2327,P,"Riley, Kevin C",J,10,ABC,,,R0004875,6/16/2021,,1199 SEIU NYS Political Action,PCOMP,,,,M,New York,NY,10018.0,,,,,,,1000.0,0.0,0.0,2,,,,,,,,,,,,,,,,,,N,N,
2021,55,2371,P,"Osse, Chi",H,14,ABC,,,R0007832,10/6/2021,,1199 SEIU NYS Political Action,PCOMP,,,,M,New York,NY,10018.0,,,,,,,1000.0,0.0,0.0,2,,,,,,,,,,,,,,,,,,N,N,
2021,55,2436,P,"Caban, Tiffany",H,6,ABC,,,R0005884,12/29/2020,,1199 SEIU NYS POLITICAL ACTION,PCOMP,,,,M,New York,NY,10018.0,,,,,,,1000.0,0.0,0.0,2,,,,,,,,,,,,,,,,,,N,N,
2021,55,2450,P,"Laymon, Jesse D",H,7,ABC,,,R0001268,3/6/2021,,1199 SEIU NYS Political Action,PCOMP,,,,M,New York,NY,10018.0,,,,,,,500.0,0.0,0.0,2,,,,,,,,,,,,,,,,,,N,N,
2021,55,2453,P,"Lee, Linda",H,13,ABC,,,R0003573,10/6/2021,,1199 SEIU NYS Political Action,PCOMP,,,,M,New York,NY,10018.0,,,,,,,1000.0,0.0,0.0,2,,,,,,,,,,,,,,,,,,N,N,
2021,55,2547,P,"Markh, Mariya",H,10,ABC,,,R0001703,6/15/2021,,1199 SEIU NYS Political Action,PCOMP,,,,M,New York,NY,10018.0,,,,,,,1000.0,0.0,0.0,2,,,,,,,,,,,,,,,,,,N,N,
2021,55,283,P,"Gennaro, James F",M,8,ABC,,,R0003213,5/5/2021,,1199 SEIU NYS Political Action,PCOMP,,,,M,New York,NY,10018.0,,,,,,,1000.0,0.0,0.0,2,,,,,,,,,,,,,,,,,,N,N,
2021,55,399,P,"Brewer, Gale",P,10,ABC,,,R0005989,6/11/2021,,1199 SEIU NYS Political Action,PCOMP,,,,M,New York,NY,10018.0,,,,,,,1000.0,0.0,0.0,2,,,,,,,,,,,,,,,,,,N,N,
2021,55,1990,P,"Brannan, Justin",J,7,ABC,,,R0007602,2/22/2021,,1199 SEIU POLITICAL ACTION FUN,PCOMP,,,,M,New York,NY,10036.0,,,,,,,1000.0,0.0,0.0,2,,,,,,,,,,,,,,,,,,N,N,
2021,11,2393,P,"Wiley, Maya D",H,7,ABC,,,R0045094,3/11/2021,,1199 SEIU United Healthcare Wo,PCOMP,,,,M,New York,NY,10036.0,,,,,,,2000.0,0.0,0.0,3,,,,,,,,,,,,,,,,,,N,N,
2021,55,2357,P,"Gutierrez, Jennifer",H,6,ABC,,,R0002075,1/4/2021,,1199 SEIU- NYS Political Actio,PCOMP,,,,M,New York,NY,10018.0,,,,,,,1000.0,0.0,0.0,2,,,,,,,,,,,,,,,,,,N,N,
2021,55,380,P,"Moya, Francisco P",K,8,ABC,,,R0004597,3/13/2021,,1199 SEIU- NYS Political Actio,PCOMP,,,,M,New York,NY,10018.0,,,,,,,1000.0,0.0,0.0,2,,,,,,,,,,,,,,,,,,N,N,
2021,44,1550,P,"Reynoso, Antonio",K,14,ABC,,,R0014976,10/18/2021,,1199 SEIU-NYS PA,PCOMP,,,,M,New York,NY,10036.0,,,,,,,1500.0,0.0,0.0,3,,,,,,,,,,,,,,,,,,N,N,
2021,55,1929,P,"Ayala, Diana I",J,7,ABC,,,R0004208,2/19/2021,,1199 SEIU-NYS Political Action,OTHR,,,,M,New York,NY,10018.0,,,,,,,1000.0,0.0,0.0,2,,,,,,,,,,,,,,,,,,N,N,
2021,55,2285,P,"Williams, Nantasha M",H,10,ABC,,,R0004628,6/28/2021,,1199 SEIU-NYS Political Action,PCOMP,,,,M,New York,NY,10018.0,,,,,,,1000.0,0.0,0.0,2,,,,,,,,,,,,,,,,,,N,N,
2021,55,2343,P,"Ung, Sandra",H,7,ABC,,,R0003034,3/7/2021,,1199 SEIU-NYS Political Action,PCOMP,,,,M,New York,NY,10016.0,,,,,,,500.0,0.0,0.0,2,,,,,,,,,,,,,,,,,,N,N,
2021,55,2433,P,"Lynch, Stacy R",H,7,ABC,,,R0001972,3/9/2021,,1199 SEIU-NYS Political Action,PCOMP,,,,M,New York,NY,10018.0,,,,,,,1000.0,0.0,0.0,2,,,,,,,,,,,,,,,,,,N,N,
2021,44,1550,P,"Reynoso, Antonio",K,7,D,,,R0010613,2/22/2021,,Working Families Party,OTHR,,,,K,Brooklyn,NY,11201.0,,,,,,,710.42,0.0,0.0,0,,,,,,,,,,,,,,,OTHER,,,N,,
2021,55,1984,P,"Velazquez, Marjorie",I,7,D,,,R0002735,2/9/2021,,Working Families Party,OTHR,,,,K,Brooklyn,NY,11201.0,,,,,,,14.95,0.0,0.0,0,,,,,,,,,,,,,,,OTHER,,,N,,
2021,55,2266,P,"Singh, Felicia",H,7,D,,,R0004691,2/15/2021,,Working Families Party,PCOMZ,,,,K,Brooklyn,NY,11201.0,,,,,,,10.4,0.0,0.0,0,,,,,,,,,,,,,,,OTHER,,,N,,
2021,55,2314,P,"Ardila, Juan D",H,10,D,,,R0004223,6/21/2021,,Working Families Party,PCOMZ,,,,K,Brooklyn,NY,11201.0,,,,,,,2.6,0.0,0.0,0,,,,,,,,,,,,,,,OTHER,,,N,,
2021,55,2447,P,"Kaur, Jaslin",H,10,D,,,R0006541,6/22/2021,,Working Families Party,PCOMZ,,,,K,Brooklyn,NY,11201.0,,,,,,,12.44,0.0,0.0,0,,,,,,,,,,,,,,,POLLS,,,N,,
2021,55,2447,P,"Kaur, Jaslin",H,10,D,,,R0006603,6/21/2021,,Working Families Party,PCOMZ,,,,K,Brooklyn,NY,11201.0,,,,,,,3.16,0.0,0.0,0,,,,,,,,,,,,,,,POLLS,,,N,,
2021,55,2447,P,"Kaur, Jaslin",H,7,D,,,R0005238,2/12/2021,,Working Families Party,PCOMZ,,,,K,Brooklyn,NY,11201.0,,,,,,,12.44,0.0,0.0,0,,,,,,,,,,,,,,,POLLS,,,N,,
2021,55,2371,P,"Osse, Chi",H,10,D,,,R0007570,5/3/2021,,Working Families Party Inc.,PCOMP,,,,K,Brooklyn,NY,11201.0,,,,,,,20.5,0.0,0.0,0,,,,,,,,,,,,,,,OTHER,,,N,,
2021,55,2371,P,"Osse, Chi",H,10,D,,,R0007571,6/21/2021,,Working Families Party Inc.,PCOMP,,,,K,Brooklyn,NY,11201.0,,,,,,,7.98,0.0,0.0,0,,,,,,,,,,,,,,,OTHER,,,N,,
2021,55,2371,P,"Osse, Chi",H,10,D,,,R0007570,5/3/2021,,Working Families Party Inc.,PCOMP,,,,K,Brooklyn,NY,11201.0,,,,,,,20.5,0.0,0.0,0,,,,,,,,,,,,,,,OTHER,,,N,,
2021,55,2371,P,"Osse, Chi",H,10,D,,,R0007571,6/21/2021,,Working Families Party Inc.,PCOMP,,,,K,Brooklyn,NY,11201.0,,,,,,,7.98,0.0,0.0,0,,,,,,,,,,,,,,,OTHER,,,N,,
